Paper Title,Scopus ID,DOI,URL,Lead Author,Affiliation,Author count,Area of Study,Publication,Cover Date,Number of citations,Col1,Col2,Col3,Col4,Col5,Col6,Col7
"Geoenvironmental assessment of the mut wastewater ponds in the Dakhla Oasis, Egypt",SCOPUS_ID:85098494635,10.1080/10106049.2020.1856197,https://api.elsevier.com/content/abstract/scopus_id/85098494635,Galal W.F.,Faculty of Science,2.0,"Geography, Planning and Development & Water Science and Technology",Geocarto International,2022-01-01,3.0,Egypt (7),Mut (4),El-Qalamun (4),Mut City (3),Taref (2),Dakhla (2),NE (2)
Ethical issues and legal principles regarding joint management of shared river basins in the context of climate change and water scarcity in the Iberian Peninsula,SCOPUS_ID:85151929682,10.1007/s42990-021-00060-x,https://api.elsevier.com/content/abstract/scopus_id/85151929682,Aragão A.,"Universidade de Coimbra, Faculdade de Direito",1.0,Earth and Planetary Sciences (all),Mediterranean Geoscience Reviews,2021-09-01,0.0,States (16),Spain (9),Portugal (8),France (5),Brussels (3),Mediterranean (2),Uruguay (2)
"Methodology for mapping soil salinity and halophyte cover using remote sensing data in Kerkennah, Tunisia",SCOPUS_ID:85135208726,10.1007/s41207-021-00257-4,https://api.elsevier.com/content/abstract/scopus_id/85135208726,Kurbatova A.I.,Ecole Nationale d'Ingénieurs de Sfax,5.0,Environmental Science (all),Euro-Mediterranean Journal for Environmental Integration,2021-09-01,1.0,the Kerkennah Islands (9),Kerkennah (4),Tunisia (3),Moscow (2),the Kerkennah archipelago (2),Chergui (2),Russia (1)
Different processes affecting long-term Ravenna coastal drainage basins (Italy): implications for water management,SCOPUS_ID:85111937380,10.1007/s12665-021-09774-5,https://api.elsevier.com/content/abstract/scopus_id/85111937380,Soboyejo L.A.,Alma Mater Studiorum Università di Bologna,4.0,Global and Planetary Change & Environmental Chemistry & Water Science and Technology & Soil Science & Pollution & Geology & Earth-Surface Processes,Environmental Earth Sciences,2021-08-01,0.0,Italy (5),San Vitale (3),Adriatic Sea (2),Romagna (1),Nazarnia (1),Northern Italy (1),Carminati (1)
"Assessing salinization of coastal groundwater by tidal action: The tropical Wouri Estuary, Douala, Cameroon",SCOPUS_ID:85107405136,10.1016/j.ejrh.2021.100842,https://api.elsevier.com/content/abstract/scopus_id/85107405136,Ramatlapeng G.J.,Université de Yaoundé I,5.0,Water Science and Technology & Earth and Planetary Sciences (miscellaneous),Journal of Hydrology: Regional Studies,2021-08-01,5.0,′′ (21),Youpwe (14),Douala (13),Mirzavand (6),N (6),Shalem (4),Wouri (4)
Deltas in arid environments,SCOPUS_ID:85110251391,10.3390/w13121677,https://api.elsevier.com/content/abstract/scopus_id/85110251391,Day J.,East China Normal University,6.0,"Geography, Planning and Development & Biochemistry & Aquatic Science & Water Science and Technology",Water (Switzerland),2021-06-02,3.0,the Colorado River (13),Mexico (12),Colorado (7),the Gulf of California (7),Nile (6),Egypt (6),Indus (5)
Tidal creeks as hot-spots for hydrological exchange in a coastal landscape,SCOPUS_ID:85103109181,10.1016/j.jhydrol.2021.126158,https://api.elsevier.com/content/abstract/scopus_id/85103109181,Glaser C.,Universität Bayreuth,4.0,Water Science and Technology,Journal of Hydrology,2021-06-01,6.0,Germany (8),the Wadden Sea (4),Holt (2),Eq (2),Wadden (2),Salem (2),Radon (1)
How soil ion stress and type influence the flooding adaptive strategies of Phragmites australis and Bolboschoenus planiculmis in temperate saline–alkaline wetlands?,SCOPUS_ID:85100394999,10.1016/j.scitotenv.2020.144654,https://api.elsevier.com/content/abstract/scopus_id/85100394999,Ding Z.,Southwest University,6.0,Environmental Engineering & Environmental Chemistry & Waste Management and Disposal & Pollution,Science of the Total Environment,2021-06-01,7.0,China (8),Western Songnen Plain (3),s.e. (3),Chongqing 400715 (2),Japan (2),Phragmites (1),Chongqing 400714 (1)
Wetland biodiversity disturbance evaluation induced by a water conservancy project in the flooded plain of the huolin river lower reaches,SCOPUS_ID:85104955048,10.3390/su13084476,https://api.elsevier.com/content/abstract/scopus_id/85104955048,Zhai Y.,Jilin University,5.0,"Computer Science (miscellaneous) & Geography, Planning and Development & Renewable Energy, Sustainability and the Environment & Building and Construction & Environmental Science (miscellaneous) & Energy Engineering and Power Technology & Hardware and Architecture & Computer Networks and Communications & Management, Monitoring, Policy and Law",Sustainability (Switzerland),2021-04-02,5.0,the Huolin River (5),Huolin River (4),Da’an (4),China (2),The Huolin River (2),the Chagan Lake (2),Criteria (2)
Geobotanical indication of flooding and salinization of lands the Volga region and Western Kazakhstan,SCOPUS_ID:85101669152,10.1088/1755-1315/663/1/012026,https://api.elsevier.com/content/abstract/scopus_id/85101669152,Trofimov I.A.,Sh.Ualikhanov Kokshetau University,10.0,Environmental Science (all) & Earth and Planetary Sciences (all),IOP Conference Series: Earth and Environmental Science,2021-02-18,0.0,Earth (6),Volga (5),Western Kazakhstan (5),Kazakhstan (3),Russia (2),L S (1),Lobnya (1)
Landscape evolution in the Liangzhu area since the early Holocene: A comprehensive sedimentological approach,SCOPUS_ID:85097386229,10.1016/j.palaeo.2020.110141,https://api.elsevier.com/content/abstract/scopus_id/85097386229,Ling G.,Nanjing Normal University,9.0,"Oceanography & Ecology, Evolution, Behavior and Systematics & Earth-Surface Processes & Paleontology","Palaeogeography, Palaeoclimatology, Palaeoecology",2021-01-15,10.0,Liangzhu (16),China (8),Liangzhu City (7),Nanjing (4),Yangtze (3),the Yangtze Delta (3),Ca (3)
Ion composition and qualitative indicators of water within the Chernozemelskaya water-irrigation system,SCOPUS_ID:85096577069,10.1088/1755-1315/579/1/012036,https://api.elsevier.com/content/abstract/scopus_id/85096577069,Dedova E.B.,State university of land use planning,5.0,Environmental Science (all) & Earth and Planetary Sciences (all),IOP Conference Series: Earth and Environmental Science,2020-11-04,0.0,Earth (7),Russia (5),Moscow (4),the Republic of Kalmykia (3),Yashkul (1),East (1),the Caspian Sea (1)
Rice breeding in russia using genetic markers,SCOPUS_ID:85096042737,10.3390/plants9111580,https://api.elsevier.com/content/abstract/scopus_id/85096042737,Dubina E.,Southern Federal University,6.0,"Ecology, Evolution, Behavior and Systematics & Ecology & Plant Science",Plants,2020-11-01,3.0,Russia (12),Boyarin (6),Flagman (3),Pi-ta (3),the Russian Federation (2),morphotype (2),Krasnodar (2)
Soil Salinity and Food Security in India,SCOPUS_ID:85093854131,10.3389/fsufs.2020.533781,https://api.elsevier.com/content/abstract/scopus_id/85093854131,Kumar P.,CSK Himachal Pradesh Agriculture University,2.0,"Global and Planetary Change & Food Science & Ecology & Agronomy and Crop Science & Management, Monitoring, Policy and Law & Horticulture",Frontiers in Sustainable Food Systems,2020-10-06,121.0,India (43),Gujarat (12),Kumar (8),West Bengal (5),Qadir (4),Rajasthan (4),Karnataka (4)
Rethinking Reef Island Stability in Relation to Anthropogenic Sea Level Rise,SCOPUS_ID:85093871506,10.1029/2020EF001525,https://api.elsevier.com/content/abstract/scopus_id/85093871506,Kane H.H.,University of Hawaii at Hilo,2.0,Environmental Science (all) & Earth and Planetary Sciences (miscellaneous),Earth's Future,2020-10-01,5.0,Greenland (7),Calcarina (5),the Republic of the Marshall Islands (3),West Antarctic (2),Jabat Island (2),Japan (2),Majuro (2)
Salt intrusion alters nitrogen cycling in tidal reaches as determined in field and laboratory investigations,SCOPUS_ID:85083880822,10.1016/j.scitotenv.2020.138803,https://api.elsevier.com/content/abstract/scopus_id/85083880822,Xie R.,The Leibniz Institute for Baltic Sea Research,6.0,Environmental Engineering & Environmental Chemistry & Waste Management and Disposal & Pollution,Science of the Total Environment,2020-08-10,12.0,DNRA (18),China (13),− (11),N (6),nirK (5),Fuzhou (3),Stockholm (2)
"The impact of coastal flooding on agriculture: A case-study of Lincolnshire, United Kingdom",SCOPUS_ID:85079710861,10.1002/ldr.3551,https://api.elsevier.com/content/abstract/scopus_id/85079710861,Gould I.J.,University of Lincoln,6.0,Environmental Chemistry & Development & Environmental Science (all) & Soil Science,Land Degradation and Development,2020-07-30,14.0,UK (14),Lincolnshire (7),North Sea (5),the United Kingdom (3),United Kingdom (2),the North Sea (2),farmland (2)
"Transformation of clay minerals in salt-affected soils, Pantanal wetland, Brazil",SCOPUS_ID:85083289226,10.1016/j.geoderma.2020.114380,https://api.elsevier.com/content/abstract/scopus_id/85083289226,Andrade G.R.P.,Universidade Estadual do Norte Fluminense,6.0,Soil Science,Geoderma,2020-07-15,12.0,Brazil (5),−1 (4),Antipov (4),Salina (4),Banhado lake (4),Nhecolândia (3),Fernandes (3)
Hydro-environmental changes assessment after Guadalhorce River mouth channelization. An example of hydromodification in southern Spain,SCOPUS_ID:85078755803,10.1016/j.catena.2020.104461,https://api.elsevier.com/content/abstract/scopus_id/85078755803,Nieto-López J.M.,Universidad de Málaga,5.0,Earth-Surface Processes,Catena,2020-06-01,4.0,Guadalhorce River (12),the Guadalhorce River (12),Spain (7),the Mediterranean Sea (6),Europe (4),Southern Spain (2),Mediterranean (2)
"Salt marsh at the tip of Africa: Patterns, processes and changes in response to climate change",SCOPUS_ID:85082120794,10.1016/j.ecss.2020.106650,https://api.elsevier.com/content/abstract/scopus_id/85082120794,Adams J.B.,Nelson Mandela University,1.0,Oceanography & Aquatic Science,"Estuarine, Coastal and Shelf Science",2020-05-31,29.0,South Africa (18),Africa (7),South (5),South  Africa (4),Sarcocornia (4),Turpie (2),Estuarine (2)
Groundwater salinization and associated co-contamination risk increase severe drinking water vulnerabilities in the southwestern coast of Bangladesh,SCOPUS_ID:85077000905,10.1016/j.chemosphere.2019.125646,https://api.elsevier.com/content/abstract/scopus_id/85077000905,Rakib M.A.,The University of Tokyo,10.0,"Environmental Engineering & Environmental Chemistry & Chemistry (all) & Pollution & Public Health, Environmental and Occupational Health & Health, Toxicology and Mutagenesis",Chemosphere,2020-05-01,62.0,Bangladesh (13),Japan (4),Kashiwanoha (3),Kashiwa (3),M.A. (2),Md. (2),M.A. Rakib (1)
Time-lapse cross-hole electrical resistivity tomography (CHERT) for monitoring seawater intrusion dynamics in a Mediterranean aquifer,SCOPUS_ID:85084486027,10.5194/hess-24-2121-2020,https://api.elsevier.com/content/abstract/scopus_id/85084486027,Palacios A.,Laboratoire HydroSciences Montpellier,13.0,Water Science and Technology & Earth and Planetary Sciences (miscellaneous),Hydrology and Earth System Sciences,2020-04-30,36.0,Barcelona (8),Sci. (7),Spain (5),Hydrol (5),Mediterranean (2),France (2),Greenhalgh (2)
"Hydrochemical analysis and discrimination of mine water source of the Jiaojia gold mine area, China",SCOPUS_ID:85080982918,10.1007/s12665-020-8856-1,https://api.elsevier.com/content/abstract/scopus_id/85080982918,Wang Y.,Shandong University of Science and Technology,4.0,Global and Planetary Change & Environmental Chemistry & Water Science and Technology & Soil Science & Pollution & Geology & Earth-Surface Processes,Environmental Earth Sciences,2020-03-01,11.0,Jiaojia (22),China (5),Quaternary (3),Tanlu (2),min(xi (2),⎥ (2),Germany (1)
Degradation of groundwater quality in expanding cities in West Africa. A case study of the unregulated shallow aquifer in Cotonou,SCOPUS_ID:85076995050,10.1016/j.jhydrol.2019.124438,https://api.elsevier.com/content/abstract/scopus_id/85076995050,Houéménou H.,University of Abomey-Calavi,14.0,Water Science and Technology,Journal of Hydrology,2020-03-01,30.0,France (4),West Africa (3),Odoulami (2),the Atlantic Ocean (2),Socohou (1),Roland (1),Montpellier (1)
Soils as Driver and Victim of Climate Change in Egypt,SCOPUS_ID:85119297045,10.1007/978-3-030-41629-4_7,https://api.elsevier.com/content/abstract/scopus_id/85119297045,Shahin R.R.,Faculty of Agriculture,1.0,Oceanography & Aquatic Science & Environmental Science (miscellaneous) & Water Science and Technology & Earth and Planetary Sciences (miscellaneous),Springer Water,2020-01-01,0.0,Egypt (13),Moscow (1),Russia (1),Zagazig (1),Cham (1),Switzerland (1),the Middle Ages (1)
Soil degradation in the Republic of Adygea under exogenous geological processes,SCOPUS_ID:85107080396,10.1007/698_2020_651,https://api.elsevier.com/content/abstract/scopus_id/85107080396,Lebedev S.A.,Geophysical Center of the Russian Academy of Sciences,2.0,Global and Planetary Change & Environmental Chemistry & Water Science and Technology & Waste Management and Disposal & Pollution,Handbook of Environmental Chemistry,2020-01-01,2.0,the Republic of Adygea (12),the Republic of Adygea Under Exogenous Geological Processes (4),earth (4),Russian Federation (3),Giaginsky District (2),the Republic of Adygea 3 Soil Degradation Due to (1),Moscow (1)
"Aquifer contamination by coastal floods in the plain of costa da caparica, almada (portugal)",SCOPUS_ID:85097995660,10.1007/978-3-030-34397-2_4,https://api.elsevier.com/content/abstract/scopus_id/85097995660,Marques C.A.,Universidade de Lisboa,3.0,"Architecture & Environmental Chemistry & Renewable Energy, Sustainability and the Environment","Advances in Science, Technology and Innovation",2020-01-01,0.0,Portugal (16),Italy (7),Porto (7),Rome (3),Egypt (3),France (3),Germany (3)
"Unwrapping the memory box: Gendered livelihoods in a forest community in the Sundarbans, Bangladesh",SCOPUS_ID:85093697259,10.1163/15685314-04803010,https://api.elsevier.com/content/abstract/scopus_id/85093697259,Roy S.,Western Sydney University,3.0,Social Sciences (all),Asian Journal of Social Science,2020-01-01,0.0,Bangladesh (6),Shora (6),Sydney (3),New South Wales (3),Australia (3),leiden (1),Earth (1)
Groundwater extraction may drown mega-delta: Projections of extraction-induced subsidence and elevation of the mekong delta for the 21st century,SCOPUS_ID:85081033989,10.1088/2515-7620/ab5e21,https://api.elsevier.com/content/abstract/scopus_id/85081033989,Minderhoud P.S.J.,Deltares,4.0,Environmental Science (all) & Atmospheric Science & Earth-Surface Processes & Geology & Food Science & Agricultural and Biological Sciences (miscellaneous),Environmental Research Communications,2020-01-01,55.0,Mekong (43),Utrecht (2),Vietnam (2),Zoccarato (2),delta (2),Vermeulen (2),Minderhoud (2)
Salinity Affects Topsoil Organic Carbon Concentrations Through Regulating Vegetation Structure and Productivity,SCOPUS_ID:85081009463,10.1029/2019JG005217,https://api.elsevier.com/content/abstract/scopus_id/85081009463,Xue L.,East China Normal University,8.0,Forestry & Aquatic Science & Ecology & Water Science and Technology & Soil Science & Atmospheric Science & Paleontology,Journal of Geophysical Research: Biogeosciences,2020-01-01,9.0,Chongming (15),China (9),Dongtan (6),Shanghai (3),the Yangtze River Estuary (3),Phragmites (2),Yangtze (2)
Long-Period Astronomical Forcing of Westerlies' Strength in Central Asia During Miocene Climate Cooling,SCOPUS_ID:85076185417,10.1029/2019PA003642,https://api.elsevier.com/content/abstract/scopus_id/85076185417,Frisch K.,Géosciences Rennes,11.0,Oceanography & Atmospheric Science & Paleontology,Paleoceanography and Paleoclimatology,2019-11-01,12.0,Aktau (7),the Ili Basin (6),Kazakhstan (4),Germany (3),Earth (3),Central  Asia (3),Tian (3)
Flood hazard analysis of proposed regulator on Shatt Al-Arab River,SCOPUS_ID:85077149389,10.3390/hydrology6030080,https://api.elsevier.com/content/abstract/scopus_id/85077149389,Hamdan A.N.A.,University of Basrah,3.0,Oceanography & Water Science and Technology & Waste Management and Disposal & Earth-Surface Processes,Hydrology,2019-09-01,5.0,the Tigris River (8),Tigris River (7),the Arabian Gulf (6),HEC (6),Basrah Province (3),the River-Surveyor (3),Euphrates (3)
Salt marsh migration into salinized agricultural fields: A novel assembly of plant communities,SCOPUS_ID:85073487678,10.1111/jvs.12774,https://api.elsevier.com/content/abstract/scopus_id/85073487678,Gedan K.,Universidad de Oviedo,2.0,Ecology & Plant Science,Journal of Vegetation Science,2019-09-01,20.0,Phragmites (4),Smith (4),Chesapeake	Bay (3),Washington (2),Maryland (2),Marsh (2),Canoco (2)
"Influence of flooding, salinization, and soil properties on degradation of chlorantraniliprole in california rice field soils",SCOPUS_ID:85070485196,10.1021/acs.jafc.9b02947,https://api.elsevier.com/content/abstract/scopus_id/85070485196,Redman Z.,"University of California, Davis",4.0,Chemistry (all) & Agricultural and Biological Sciences (all),Journal of Agricultural and Food Chemistry,2019-07-09,11.0,California (22),MO (3),Scardaci (3),Sacramento (2),Valley (2),Kansas City (2),Tanji (2)
Principles of Ecological Monitoring of Agricultural Lands,SCOPUS_ID:85068750356,10.1088/1755-1315/272/2/022230,https://api.elsevier.com/content/abstract/scopus_id/85068750356,Isaeva S.,A.N. Kostyakov All-Russian Research Institute of Hydraulic Engineering and Land Reclamation,2.0,Environmental Science (all) & Earth and Planetary Sciences (all),IOP Conference Series: Earth and Environmental Science,2019-06-21,3.0,Earth (5),Russia (4),Moscow (3),N.I. (1),NM (1),Reshetkina (1),Western Siberia (1)
Severe salinity contamination in drinking water and associated human health hazards increase migration risk in the southwestern coastal part of Bangladesh,SCOPUS_ID:85063929802,10.1016/j.jenvman.2019.03.101,https://api.elsevier.com/content/abstract/scopus_id/85063929802,Rakib M.A.,The University of Tokyo,4.0,"Environmental Engineering & Waste Management and Disposal & Management, Monitoring, Policy and Law",Journal of Environmental Management,2019-06-15,48.0,Atulia (22),Bangladesh (16),Burigoaliny (10),Gabura (8),M.A. Rakib (4),Kashiwanoha (3),Kashiwa (3)
Risk of extreme events in delta environment: A case study of the Mahanadi delta,SCOPUS_ID:85061333028,10.1016/j.scitotenv.2019.01.390,https://api.elsevier.com/content/abstract/scopus_id/85061333028,Ghosh A.,Jadavpur University,4.0,Environmental Engineering & Environmental Chemistry & Waste Management and Disposal & Pollution,Science of the Total Environment,2019-05-10,20.0,India (6),the Bay of Bengal (4),Puri (4),Kendrapara (4),Odisha (3),Khordha (3),Bhadrak (3)
"Spatio-temporal impact of salinated mine water on Lake Jormasjärvi, Finland",SCOPUS_ID:85061281539,10.1016/j.envpol.2019.01.111,https://api.elsevier.com/content/abstract/scopus_id/85061281539,Leppänen J.J.,Helsingin Yliopisto,3.0,"Toxicology & Pollution & Health, Toxicology and Mutagenesis",Environmental Pollution,2019-04-01,14.0,Lake Jormasj€arvi (17),Finland (5),the Tuhkajoki River (4),Kauppila (3),Lake Jor- masj€arvi (3),Tuhkajoki River (3),NC (2)
"Groundwater salinity variation in Upazila Assasuni (southwestern Bangladesh), as steered by surface clay layer thickness, relative elevation and present-day land use",SCOPUS_ID:85062964735,10.5194/hess-23-1431-2019,https://api.elsevier.com/content/abstract/scopus_id/85062964735,Naus F.L.,Nederlandse Organisatie voor toegepast natuurwetenschappelijk onderzoek- TNO,5.0,Water Science and Technology & Earth and Planetary Sciences (miscellaneous),Hydrology and Earth System Sciences,2019-03-14,21.0,Bangladesh (17),Sci. (7),LGM (3),Utrecht (2),Netherlands (2),Hydrol (2),N5 (2)
Mapping the Yellow River Delta land subsidence with multitemporal SAR interferometry by exploiting both persistent and distributed scatterers,SCOPUS_ID:85059633830,10.1016/j.isprsjprs.2018.12.008,https://api.elsevier.com/content/abstract/scopus_id/85059633830,Zhang B.,Ministry of Land and Resources P.R.C.,6.0,"Atomic and Molecular Physics, and Optics & Engineering (miscellaneous) & Computer Science Applications & Computers in Earth Sciences",ISPRS Journal of Photogrammetry and Remote Sensing,2019-02-01,57.0,China (8),Yellow River Delta (5),Yellow River (3),Beijing (2),Dongying (2),Hong Kong (1),Inc. (1)
Biogeochemical response of a secondary-salinised floodplain wetland to experimental freshening,SCOPUS_ID:85057314990,10.1080/03721426.2018.1546423,https://api.elsevier.com/content/abstract/scopus_id/85057314990,Lamontagne S.,CSIRO Land and Water,2.0,Anthropology & Environmental Science (all) & Agricultural and Biological Sciences (all) & Paleontology,Transactions of the Royal Society of South Australia,2019-01-02,0.0,River Murray (10),the River Murray (6),Australia (4),the North Basin (4),the South Basin (4),Nielsen (3),Loveday (3)
Short term effects of salinization on compound release from drained and restored coastalwetlands,SCOPUS_ID:85070277937,10.3390/w11081549,https://api.elsevier.com/content/abstract/scopus_id/85070277937,Liu H.,Universität Rostock,2.0,"Geography, Planning and Development & Biochemistry & Aquatic Science & Water Science and Technology",Water (Switzerland),2019-01-01,8.0,N (5),Germany (5),CW (2),Ks (2),Earth (1),−1 (1),Greifswald (1)
Impact of Climate Change on the Agricultural Sector in Egypt,SCOPUS_ID:85055312137,10.1007/698_2017_48,https://api.elsevier.com/content/abstract/scopus_id/85055312137,Mahmoud M.A.,Agricultural Research Center,1.0,Global and Planetary Change & Environmental Chemistry & Water Science and Technology & Waste Management and Disposal & Pollution,Handbook of Environmental Chemistry,2019-01-01,5.0,Egypt (30),Nile Delta (6),Mediterranean (3),the Nile Delta (3),Africa (2),the Nile River (2),the River Nile (1)
"The role of sedimentation and natural compaction in a prograding delta: insights from the mega Mekong delta, Vietnam",SCOPUS_ID:85050793880,10.1038/s41598-018-29734-7,https://api.elsevier.com/content/abstract/scopus_id/85050793880,Zoccarato C.,Deltares,3.0,Multidisciplinary,Scientific Reports,2018-12-01,64.0,Mekong (12),BP (7),Vietnam (5),kPa (4),Italy (2),Utrecht (2),The Netherlands (2)
"Projections of historical and 21st century fluvial sediment delivery to the Ganges-Brahmaputra-Meghna, Mahanadi, and Volta deltas",SCOPUS_ID:85048220458,10.1016/j.scitotenv.2018.06.006,https://api.elsevier.com/content/abstract/scopus_id/85048220458,Dunn F.E.,University of Southampton,6.0,Environmental Engineering & Environmental Chemistry & Waste Management and Disposal & Pollution,Science of the Total Environment,2018-11-15,31.0,Mahanadi (6),Zarﬂ (5),Volta (4),Highﬁeld (3),Southampton (3),India (3),UK (2)
"Drivers of landscape changes in coastal ecosystems on the Yukon-Kuskokwim Delta, Alaska",SCOPUS_ID:85051621543,10.3390/rs10081280,https://api.elsevier.com/content/abstract/scopus_id/85051621543,Jorgenson T.M.,ABR Inc. Environmental Research and Services,3.0,Earth and Planetary Sciences (all),Remote Sensing,2018-08-01,30.0,Alaska (4),Arctic (1),Betula (1),Anchorage (1),GA (1),Grid (1),KME (1)
Geomorphological changes in an arid transgressive coastal dune field due to natural processes and human impacts,SCOPUS_ID:85045897759,10.1002/esp.4382,https://api.elsevier.com/content/abstract/scopus_id/85045897759,Hernández-Cordero A.I.,Flinders University,4.0,"Geography, Planning and Development & Earth-Surface Processes & Earth and Planetary Sciences (miscellaneous)",Earth Surface Processes and Landforms,2018-08-01,24.0,Spain (3),Canary Islands (3),Hesp (3),Geomorphological (3),El Inglés (2),Universidad (1),"Las 

 (1)"
Changing sediment budget of the Mekong: Cumulative threats and management strategies for a large river basin,SCOPUS_ID:85039446992,10.1016/j.scitotenv.2017.11.361,https://api.elsevier.com/content/abstract/scopus_id/85039446992,Kondolf G.M.,Department of Landscape Architecture &amp; Environmental Planning,13.0,Environmental Engineering & Environmental Chemistry & Waste Management and Disposal & Pollution,Science of the Total Environment,2018-06-01,156.0,Mekong (38),Vietnam (14),Cambodia (11),Delta (10),China (9),Laos (8),MT (8)
Leaf gas films contribute to rice (Oryza sativa) submergence tolerance during saline floods,SCOPUS_ID:85013630804,10.1111/pce.12873,https://api.elsevier.com/content/abstract/scopus_id/85013630804,Herzog M.,The University of Western Australia,5.0,Physiology & Plant Science,Plant Cell and Environment,2018-05-01,11.0,Germany (4),Denmark (3),Crawley (3),Australia (3),mM (3),Neuhofen (2),kPa (2)
"The effects of hydraulic works and wetlands function in the Salado-River basin (Buenos Aires, Argentina)",SCOPUS_ID:85041240013,10.1007/s10661-017-6448-7,https://api.elsevier.com/content/abstract/scopus_id/85041240013,Bazzuri M.,Instituto de Limnologia Dr. Raul A. Ringuelet (CONICET- Universidad Nacional de La Plata),3.0,"Environmental Science (all) & Pollution & Management, Monitoring, Policy and Law",Environmental Monitoring and Assessment,2018-02-01,10.0,the Salado River (6),Salado-River (4),Salado-River basin (3),Argentina (3),Kefford (3),Salado (3),Bragado (3)
The senegalese coastal and marine environment,SCOPUS_ID:85071182087,10.1016/B978-0-12-805068-2.00043-7,https://api.elsevier.com/content/abstract/scopus_id/85071182087,Amara R.,Université de Lille,4.0,Environmental Science (all),"World Seas: An Environmental Evaluation Volume I: Europe, the Americas and West Africa",2018-01-01,6.0,Senegal (33),West Africa (7),Saint-Louis (6),Sine (5),the Senegal River (4),France (2),Africa (2)
Revisiting carotenoids and their role in plant stress responses: From biosynthesis to plant signaling mechanisms during stress,SCOPUS_ID:85046930040,10.1007/978-3-319-75088-0_10,https://api.elsevier.com/content/abstract/scopus_id/85046930040,Uarrota V.G.,Universidade do Estado de Santa Catarina,5.0,"Agricultural and Biological Sciences (all) & Biochemistry, Genetics and Molecular Biology (all)",Antioxidants and Antioxidant Enzymes in Higher Plants,2018-01-01,44.0,GGPP (4),Santa Catarina (3),Brazil (3),Carotenoids (3),Grifﬁths et al (2),Seto (2),Nadolska (1)
Impact of storm tides and inundation frequency on water table salinity and vegetation on a juvenile barrier island,SCOPUS_ID:85030449066,10.1016/j.jhydrol.2017.09.014,https://api.elsevier.com/content/abstract/scopus_id/85030449066,Holt T.,Universität Oldenburg,5.0,Water Science and Technology,Journal of Hydrology,2017-11-01,24.0,Germany (4),Pott (2),T. (1),Oldenburg (1),the North Sea (1),Lebbe (1),Klassen (1)
Sea level change and coastal climate services: The way forward,SCOPUS_ID:85032676046,10.3390/jmse5040049,https://api.elsevier.com/content/abstract/scopus_id/85032676046,Le Cozannet G.,Institute for Marine and Atmospheric Research Utrecht,9.0,Civil and Structural Engineering & Water Science and Technology & Ocean Engineering,Journal of Marine Science and Engineering,2017-10-16,48.0,Norfolk (7),Australia (5),France (5),UK (4),The Netherlands (3),Europe (3),Berlin (2)
"Impacts of 25 years of groundwater extraction on subsidence in the Mekong delta, Vietnam",SCOPUS_ID:85021261881,10.1088/1748-9326/aa7146,https://api.elsevier.com/content/abstract/scopus_id/85021261881,Minderhoud P.S.J.,Deltares,7.0,"Renewable Energy, Sustainability and the Environment & Environmental Science (all) & Public Health, Environmental and Occupational Health",Environmental Research Letters,2017-06-01,198.0,Mekong (8),Vietnam (8),Ho Chi Minh City (3),Vermeulen (3),Minh (2),Download (1),California (1)
Modeling daily soil salinity dynamics in response to agricultural and environmental changes in coastal Bangladesh,SCOPUS_ID:85019881018,10.1002/2016EF000530,https://api.elsevier.com/content/abstract/scopus_id/85019881018,Payo A.,University of Southampton,7.0,Environmental Science (all) & Earth and Planetary Sciences (miscellaneous),Earth's Future,2017-05-01,26.0,Bangladesh (17),UK (2),Khulna (2),Barisal (2),Modelling (1),Southampton (1),Liverpool (1)
Hydrological responses to rainfall variability and dam construction: a case study of the upper Senegal River basin,SCOPUS_ID:85015951505,10.1007/s12665-017-6570-4,https://api.elsevier.com/content/abstract/scopus_id/85015951505,Sakho I.,Université de Rouen Normandie,5.0,Global and Planetary Change & Environmental Chemistry & Water Science and Technology & Soil Science & Pollution & Geology & Earth-Surface Processes,Environmental Earth Sciences,2017-03-01,14.0,Senegal River (31),the Senegal River (26),Senegal (12),Mauritania (8),Guinea (7),Baﬁng (6),Bakoye (6)
"Salt-affected soils evolution and fluvial dynamics in the Pantanal wetland, Brazil",SCOPUS_ID:84994059869,10.1016/j.geoderma.2016.10.030,https://api.elsevier.com/content/abstract/scopus_id/84994059869,Furquim S.A.C.,Universidade Federal de São Paulo,5.0,Soil Science,Geoderma,2017-01-15,16.0,Nhecolândia (9),Brazil (5),Banhado (4),Kellog (3),Zaidel'man (3),Almeida (3),Banhado lake (3)
Conclusions and recommendations,SCOPUS_ID:85047983835,10.1017/9781316585269.026,https://api.elsevier.com/content/abstract/scopus_id/85047983835,Morris E.,University of South Wales,3.0,"Medicine (all) & Biochemistry, Genetics and Molecular Biology (all)",Genetically Modified Organisms in Developing Countries: Risk Analysis and Governance,2017-01-01,0.0,Africa (3),London (2),Brazil (1),South Africa (1),West Africa (1),Uganda (1),China (1)
Formation of a new delta-like object in the Kapchagai Reservoir on the Ili River,SCOPUS_ID:85012912526,10.1134/S009780781701016X,https://api.elsevier.com/content/abstract/scopus_id/85012912526,Starodubtsev V.,National University of Life and Environmental Sciences of Ukraine,1.0,Water Science and Technology,Water Resources,2017-01-01,4.0,pp. (7),Starodubtsev (6),Ili (4),Kapchagai (3),Moscow (3),Bogdanets (3),the Ili R. (2)
Mekong River flow and hydrological extremes under climate change,SCOPUS_ID:84980016035,10.5194/hess-20-3027-2016,https://api.elsevier.com/content/abstract/scopus_id/84980016035,Phi Hoang L.,Wageningen University &amp; Research,9.0,Water Science and Technology & Earth and Planetary Sciences (miscellaneous),Hydrology and Earth System Sciences,2016-07-29,128.0,Mekong (25),Lauri (13),Mekong River (11),Sci. (7),Hydrol (7),Cambodia (5),MRC (4)
Reductive soil disinfestations combined or not with Trichoderma for the treatment of a degraded and Rhizoctonia solani infested greenhouse soil,SCOPUS_ID:84965097996,10.1016/j.scienta.2016.04.033,https://api.elsevier.com/content/abstract/scopus_id/84965097996,Huang X.,Nanjing Normal University,6.0,Horticulture,Scientia Horticulturae,2016-07-15,22.0,Nanjing (14),China (14),+  T37 (6),Jiangsu (5),Japan (5),Rhizoctonia (4),Province (2)
Succession of flooded soils of coastal area of the Caspian Sea in periods of drying and aridization,SCOPUS_ID:85018476682,10.1134/S2079096116020037,https://api.elsevier.com/content/abstract/scopus_id/85018476682,Asgherova D.B.,Caspian Institute of Biological Resources DSC RAS,4.0,"Global and Planetary Change & Ecology, Evolution, Behavior and Systematics & Ecology & Soil Science",Arid Ecosystems,2016-04-01,0.0,Dagestan (6),pp. (5),Moscow (5),Makhachkala (3),Caspian Sea (3),the Caspian Sea (2),Kaspiiskoe (2)
Environmental awareness and vulnerability in the Yellow River Delta: Results based on a comprehensive household survey,SCOPUS_ID:84948958808,10.1016/j.ocecoaman.2015.11.009,https://api.elsevier.com/content/abstract/scopus_id/84948958808,Wolters M.,Chinese Academy of Sciences,4.0,"Oceanography & Aquatic Science & Management, Monitoring, Policy and Law",Ocean and Coastal Management,2016-02-01,33.0,the Yellow River Delta (12),China (5),Yellow River Delta (5),the Yellow River (3),Beijing (2),Shandong Province (2),Dongying (2)
"Groundwater monitoring in the archaeological site of Ostia Antica (Rome, Italy): First results",SCOPUS_ID:85107327458,10.7343/as-2016-192,https://api.elsevier.com/content/abstract/scopus_id/85107327458,Mastrorillo L.,Università degli Studi Roma Tre,5.0,Water Science and Technology & Environmental Engineering & Environmental Chemistry & Geophysics & Geotechnical Engineering and Engineering Geology,Acque Sotterranee - Italian Journal of Groundwater,2016-01-01,8.0,Ostia (26),Rome (16),Ostia Antica (11),AQUA2015 (6),Italy (5),Roma (5),Tiber River (5)
Quantification of Impacts and Ecosystem Services Loss in New Jersey Coastal Wetlands Due to Hurricane Sandy Storm Surge,SCOPUS_ID:84948566619,10.1007/s13157-015-0701-z,https://api.elsevier.com/content/abstract/scopus_id/84948566619,Hauser S.,Rutgers University–New Brunswick,3.0,Environmental Chemistry & Ecology & Environmental Science (all),Wetlands,2015-12-01,29.0,New Jersey (12),New Jersey’s (3),Troy (3),Wetland (2),New Brunswick (1),Ithaca (1),Konarska (1)
Modelling the increased frequency of extreme sea levels in the Ganges-Brahmaputra-Meghna delta due to sea level rise and other effects of climate change,SCOPUS_ID:84936980515,10.1039/c4em00683f,https://api.elsevier.com/content/abstract/scopus_id/84936980515,Kay S.,University of Southampton,9.0,"Environmental Chemistry & Public Health, Environmental and Occupational Health & Management, Monitoring, Policy and Law",Environmental Science: Processes and Impacts,2015-07-01,59.0,Bangladesh (11),the Bay of Bengal (10),West Bengal (4),Bay of Bengal (4),Haldia (4),India (3),UK (3)
Salinity management in the coastal region of the Netherlands: A historical perspective,SCOPUS_ID:84929120161,10.1016/j.agwat.2014.08.022,https://api.elsevier.com/content/abstract/scopus_id/84929120161,Raats P.A.C.,,1.0,Agronomy and Crop Science & Water Science and Technology & Soil Science & Earth-Surface Processes,Agricultural Water Management,2015-07-01,22.0,Netherlands (26),Zeeland (8),Friesland (5),North  Sea (3),Holland (3),Zuur (2),Gelderland (2)
The Orinoco megadelta as a conservation target in the face of the ongoing and future sea level rise,SCOPUS_ID:84923085352,10.1016/j.scitotenv.2015.01.056,https://api.elsevier.com/content/abstract/scopus_id/84923085352,Vegas-Vilarrúbia T.,Institut Català de Paleontologia Miquel Crusafont,4.0,Environmental Engineering & Environmental Chemistry & Waste Management and Disposal & Pollution,Science of the Total Environment,2015-05-05,8.0,T. Vegas-Vilarrúbia (8),Barcelona (7),Orinoco Delta (6),Spain (4),Wignall (4),Vegas-Vilarrúbia (4),Orinoco (3)
The rivers of civilization,SCOPUS_ID:84924664043,10.1016/j.quascirev.2015.02.004,https://api.elsevier.com/content/abstract/scopus_id/84924664043,Macklin M.G.,Aberystwyth University,2.0,"Global and Planetary Change & Ecology, Evolution, Behavior and Systematics & Archeology (arts and humanities) & Archeology & Geology",Quaternary Science Reviews,2015-04-05,120.0,Indus (12),Macklin (10),Ashworth (9),Nile (6),Lewin (6),Field (3),Latrubesse (3)
"Application of time-domain electromagnetic method in mapping saltwater intrusion of a coastal alluvial aquifer, North Oman",SCOPUS_ID:84923040750,10.1016/j.jappgeo.2015.02.003,https://api.elsevier.com/content/abstract/scopus_id/84923040750,El-Kaliouby H.,Sultan Qaboos University,2.0,Geophysics,Journal of Applied Geophysics,2015-04-01,26.0,Oman (8),El-Kaliouby (4),Muscat (2),Northern Oman (2),J.D. (2),Young (2),Egypt (1)
"Water resource management: A comparative evaluation of Brazil, Rio de Janeiro, the European Union, and Portugal",SCOPUS_ID:84922457786,10.1016/j.scitotenv.2014.11.098,https://api.elsevier.com/content/abstract/scopus_id/84922457786,Araújo R.S.,Universidade Estadual do Norte Fluminense,6.0,Environmental Engineering & Environmental Chemistry & Waste Management and Disposal & Pollution,Science of the Total Environment,2015-04-01,30.0,Brazil (34),Portugal (30),Rio de Janeiro (24),Estado (4),Singreh (3),Rio de Janeiro's (3),Europe (2)
Injection of fresh river water into a saline floodplain aquifer as a salt interception measure in a semi-arid environment,SCOPUS_ID:84919819272,10.1016/j.ecoleng.2014.11.014,https://api.elsevier.com/content/abstract/scopus_id/84919819272,Alaghmand S.,University of South Australia,7.0,"Environmental Engineering & Nature and Landscape Conservation & Management, Monitoring, Policy and Law",Ecological Engineering,2015-02-01,16.0,Australia (12),South (10),Alaghmand (10),Holland (7),Malaysia (4),Lower  Murray  River (3),Newton (3)
Adapting to Sea Level Rise,SCOPUS_ID:84942615710,10.1016/B978-0-12-396483-0.00009-1,https://api.elsevier.com/content/abstract/scopus_id/84942615710,Nicholls R.J.,University of Southampton,1.0,Earth and Planetary Sciences (all),"Coastal and Marine Hazards, Risks, and Disasters",2015-01-01,13.0,New York (4),Bangkok (4),Grand Isle (3),London (2),Tokyo (2),Shanghai (2),Nicholls (2)
Introduction to the special issue: Halophytes in a changing world,SCOPUS_ID:84939793596,10.1093/aobpla/plv020,https://api.elsevier.com/content/abstract/scopus_id/84939793596,Flowers T.,Università degli Studi di Reggio Calabria,2.0,Plant Science,AoB PLANTS,2015-01-01,65.0,Panta (2),BN1 9QG (1),UK (1),Vito (1),Calabria (1),Italy (1),Limonium (1)
Ecological recovery in an Arctic delta following widespread saline incursion,SCOPUS_ID:84922017722,10.1890/14-0239.1,https://api.elsevier.com/content/abstract/scopus_id/84922017722,Lantz T.C.,Northwest Territories Geological Survey,3.0,Ecology,Ecological Applications,2015-01-01,21.0,Canada (5),Arctic (5),Mackenzie Delta (5),The Mackenzie Delta (4),the Mackenzie Delta (3),Clarke (2),Arctic delta (1)
Spatiotemporal variability in soil salinity and its effects on rice (Oryza sativa L.) production in the north central coastal region of Vietnam,SCOPUS_ID:84912526327,10.1080/00380768.2014.961030,https://api.elsevier.com/content/abstract/scopus_id/84912526327,Nguyen L.,Graduate School of Agriculture,3.0,Soil Science & Plant Science,Soil Science and Plant Nutrition,2014-11-02,18.0,Vietnam (11),Japan (8),Tetsuhiro (3),Kyoto (3),Tokyo (3),Shimadzu (2),Quang Dien (1)
Functioning of ecotone systems at the Tsimlyansk reservoir shores,SCOPUS_ID:85018219434,10.1134/S2079096114040088,https://api.elsevier.com/content/abstract/scopus_id/85018219434,Novikova N.M.,Institute of Water Problems of the Russian Academy of Sciences,3.0,"Global and Planetary Change & Ecology, Evolution, Behavior and Systematics & Ecology & Soil Science",Arid Ecosystems,2014-10-01,3.0,Tsimlyansk (11),Russia (3),TsP12 (3),N.A. Volkova (1),pp. (1),Moscow (1),Rostovskaya (1)
An integrated methodology to assess future water resources under land use and climate change: An application to the Tahadart drainage basin (Morocco),SCOPUS_ID:84895077415,10.1007/s12665-013-2587-5,https://api.elsevier.com/content/abstract/scopus_id/84895077415,Antonellini M.,Université de Lille,7.0,Global and Planetary Change & Environmental Chemistry & Water Science and Technology & Soil Science & Pollution & Geology & Earth-Surface Processes,Environmental Earth Sciences,2014-02-01,24.0,Mediterranean (5),Morocco (3),the Tahadart Basin (3),PRUDENCE (3),Smith (3),Carneiro (2),North Africa (2)
Hydrological and geomorphological controls on the water balance components of a mangrove forest during the dry season in the pacific coast of Nicaragua,SCOPUS_ID:84905907940,10.1007/s13157-014-0534-1,https://api.elsevier.com/content/abstract/scopus_id/84905907940,Calderon H.,"Universidad Nacional Autónoma de Nicaragua, Managua",3.0,Environmental Chemistry & Ecology & Environmental Science (all),Wetlands,2014-01-01,8.0,Nicaragua (9),Central America (4),Pacific (4),the Pacific Coast (3),Netherlands (3),Atlantic (3),East (3)
Desert environments of Republic of Chad,SCOPUS_ID:84931411868,10.1007/978-94-007-6652-5_9,https://api.elsevier.com/content/abstract/scopus_id/84931411868,Djibril H.,National Dong Hwa University,1.0,"Agricultural and Biological Sciences (all) & Biochemistry, Genetics and Molecular Biology (all) & Medicine (all)","Combating Desertification in Asia, Africa and the Middle East: Proven practices",2013-10-01,3.0,Chad (21),Lake Chad (11),Africa (4),the Sahara Desert (3),Massif (3),Niger (2),Nigeria (2)
Egypt: Land degradation issues with special reference to the impact of climate change,SCOPUS_ID:84925772434,10.1007/978-94-007-6652-5_6,https://api.elsevier.com/content/abstract/scopus_id/84925772434,Darwish K.,National Research Centre,4.0,"Agricultural and Biological Sciences (all) & Biochemistry, Genetics and Molecular Biology (all) & Medicine (all)","Combating Desertification in Asia, Africa and the Middle East: Proven practices",2013-10-01,13.0,Egypt (38),Nile (20),the Nile Delta (6),Mediterranean (4),Aswan (4),Delta (4),Cairo (4)
The response of semi-arid ephemeral wetland plants to flooding: Linking water use to hydrological processes,SCOPUS_ID:84885798019,10.1002/eco.1309,https://api.elsevier.com/content/abstract/scopus_id/84885798019,Drake P.,The University of Western Australia,3.0,"Ecology, Evolution, Behavior and Systematics & Aquatic Science & Ecology & Earth-Surface Processes",Ecohydrology,2013-10-01,11.0,Australia (9),Casuarina (7),Armidale (5),WA (3),Toolibin Lake (3),Delft (3),The Netherlands (3)
Drought-induced saltwater incursion leads to increased wetland nitrogen export,SCOPUS_ID:84883556749,10.1111/gcb.12287,https://api.elsevier.com/content/abstract/scopus_id/84883556749,Ardón M.,Institute of Ecosystem Studies,4.0,Global and Planetary Change & Environmental Chemistry & Ecology & Environmental Science (all),Global Change Biology,2013-10-01,124.0,UK (2),Greenville (1),North Carolina (1),North  Carolina (1),Belfast (1),Maui (1),Hawaii (1)
Zooplankton response to flooding of a drought refuge and implications for the endangered fish species Craterocephalus fluviatilis cohabiting with alien Gambusia holbrooki,SCOPUS_ID:84883366003,10.1007/s10452-013-9442-3,https://api.elsevier.com/content/abstract/scopus_id/84883366003,Wedderburn S.,The University of Adelaide,3.0,"Ecology, Evolution, Behavior and Systematics & Aquatic Science",Aquatic Ecology,2013-09-01,15.0,Boggy (20),Australia (5),Zooplankton (4),L-1 (4),C. ﬂuviatilis (4),Mundoo Island (3),Lake Alexandrina (3)
The end of the Pacific? Effects of sea level rise on Pacific Island livelihoods,SCOPUS_ID:84880023317,10.1111/sjtg.12021,https://api.elsevier.com/content/abstract/scopus_id/84880023317,Nunn P.D.,University of New England Australia,1.0,"Geography, Planning and Development & Earth-Surface Processes",Singapore Journal of Tropical Geography,2013-07-01,104.0,Paciﬁc Island (18),Nunn (15),the Paciﬁc Islands (9),Fiji (8),Paciﬁc Islands (4),Paciﬁc (4),Micronesia (2)
"Changing climate, changing frames: Dutch water policy frame developments in the context of a rise and fall of attention to climate change",SCOPUS_ID:84877605160,10.1016/j.envsci.2012.10.010,https://api.elsevier.com/content/abstract/scopus_id/84877605160,Vink M.,Radboud Universiteit,4.0,"Geography, Planning and Development & Management, Monitoring, Policy and Law",Environmental Science and Policy,2013-06-01,66.0,Delta (10),Netherlands (9),River (4),DC (3),Snellen (2),Termeer (2),the  DC (2)
"Climate change impact, mitigation and adaptation strategies for agricultural and water resources, in Ganga Plain (India)",SCOPUS_ID:84876943731,10.1007/s11027-012-9381-7,https://api.elsevier.com/content/abstract/scopus_id/84876943731,Misra A.K.,The NorthCap University,1.0,Global and Planetary Change & Ecology,Mitigation and Adaptation Strategies for Global Change,2013-06-01,27.0,Ganga (17),Ganga Plain (14),India (9),the Ganga Plain (4),Marginal (3),Bihar (2),Yamuna (2)
"Water, climate, and social change in a fragile landscape",SCOPUS_ID:84900464697,10.1890/ES12-00269.1,https://api.elsevier.com/content/abstract/scopus_id/84900464697,Hargrove W.,The University of Texas at El Paso,5.0,"Ecology, Evolution, Behavior and Systematics & Ecology",Ecosphere,2013-02-18,9.0,El Paso (11),Mexico (9),the Middle Rio Grande (3),New Mexico (3),the El Paso (2),the Middle East (2),Africa (2)
Atoll Groundwater Resources at Risk: Combining Field Observations and Model Simulations of Saline Intrusion Following Storm-Generated Sea Flooding,SCOPUS_ID:85028850334,10.1007/978-94-007-5648-9_12,https://api.elsevier.com/content/abstract/scopus_id/85028850334,Terry J.,National University of Singapore,3.0,"Oceanography & Management, Monitoring, Policy and Law & Nature and Landscape Conservation & Ecology",Coastal Research Library,2013-01-01,6.0,Singapore (2),the Paciﬁc Ocean (2),Micronesia (2),Kiribati (2),Pokfulam (1),Hong Kong (1),Canberra (1)
Fate of <sup>90</sup>Sr and U(VI) in Dounreay sediments following saline inundation and erosion,SCOPUS_ID:84880039125,10.1016/j.chemosphere.2013.02.059,https://api.elsevier.com/content/abstract/scopus_id/84880039125,Eagling J.,University of Plymouth,4.0,"Environmental Engineering & Chemistry (all) & Environmental Chemistry & Pollution & Public Health, Environmental and Occupational Health & Health, Toxicology and Mutagenesis",Chemosphere,2013-01-01,6.0,UK (10),M.J. (5),Choy (4),Scotland (3),Strontium (3),Qafoku (3),Livens (3)
Hydrochemical characterization of a groundwater aquifer and its water quality in relation to irrigation in the Jinghuiqu irrigation district of China,SCOPUS_ID:84878762968,10.2175/106143012X13560205145172,https://api.elsevier.com/content/abstract/scopus_id/84878762968,Liu X.,China Geological Survey,3.0,Environmental Chemistry & Ecological Modeling & Water Science and Technology & Waste Management and Disposal & Pollution,Water Environment Research,2013-01-01,6.0,China (9),IA (6),lA (4),Xi'an (2),Shaanxi (2),Yeyuhe (2),Qihe (2)
Impact of fresh and saline water flooding on leaf gas exchange in two Italian provenances of Tamarix africana Poiret,SCOPUS_ID:84871660402,10.1111/j.1438-8677.2012.00597.x,https://api.elsevier.com/content/abstract/scopus_id/84871660402,Jaoudé R.,Università degli Studi della Tuscia Viterbo,4.0,"Ecology, Evolution, Behavior and Systematics & Plant Science",Plant Biology,2013-01-01,13.0,Tamarix (10),Netherlands (4),Italy (3),Mediterranean (3),N (3),Viterbo (1),T. africana (1)
"Geophysical and hydrological investigations at the west bank of Nile River (Luxor, Egypt)",SCOPUS_ID:84866468096,10.1007/s12665-012-1525-2,https://api.elsevier.com/content/abstract/scopus_id/84866468096,Elwaseif M.,"National Research Institute of Astronomy and Geophysics, Cairo",5.0,Global and Planetary Change & Environmental Chemistry & Water Science and Technology & Soil Science & Pollution & Geology & Earth-Surface Processes,Environmental Earth Sciences,2012-10-01,16.0,Luxor (9),Egypt (6),the Nile River (6),the Nile Valley (5),the west bank (4),Nile River (3),Cairo (3)
Quantifying soil salinity in areas invaded by Tamarix spp.,SCOPUS_ID:84863753264,10.1016/j.jaridenv.2012.04.011,https://api.elsevier.com/content/abstract/scopus_id/84863753264,Ohrtman M.K.,USDA Natural Resources Conservation Service,3.0,"Ecology, Evolution, Behavior and Systematics & Ecology & Earth-Surface Processes",Journal of Arid Environments,2012-10-01,31.0,Tamarix (19),Stromberg (7),Denver (4),Smith (4),Montana (3),Sexton (2),0e15 (2)
Modelling the potential effects of the hungarian red mud disaster on soil properties,SCOPUS_ID:84867335054,10.1007/s11270-012-1269-3,https://api.elsevier.com/content/abstract/scopus_id/84867335054,Anton A.,Magyar Tudomanyos Akademia,5.0,Environmental Engineering & Environmental Chemistry & Ecological Modeling & Water Science and Technology & Pollution,"Water, Air, and Soil Pollution",2012-09-01,48.0,n.s. (25),Mo (13),Na (5),Zn (5),Hungary (4),Cu (4),Budapest (1)
Photosynthetic and wood anatomical responses of Tamarix africana Poiret to water level reduction after short-term fresh- and saline-water flooding,SCOPUS_ID:84866539351,10.1007/s11284-012-0963-3,https://api.elsevier.com/content/abstract/scopus_id/84866539351,Abou Jaoudé R.,Università degli Studi della Tuscia Viterbo,3.0,"Ecology, Evolution, Behavior and Systematics",Ecological Research,2012-09-01,7.0,Tamarix (5),Italy (3),Germany (3),Mediterranean (2),Kozlowski (1),Flowers (1),Field (1)
Trade-offs in plankton species richness arising from drought: Insights from long-term data of a National Park wetland (central Spain),SCOPUS_ID:84865405331,10.1007/s10531-012-0307-1,https://api.elsevier.com/content/abstract/scopus_id/84865405331,Rojo C.,Institut Cavanilles de Biodiversitat i Biologia Evolutiva,5.0,"Ecology, Evolution, Behavior and Systematics & Ecology & Nature and Landscape Conservation",Biodiversity and Conservation,2012-09-01,27.0,Spain (7),PN (7),MM (4),Plankton (2),National Park (1),Paterna (1),Madrid (1)
Quantification and modelling of water flow in rain-fed paddy fields in NE Thailand: Evidence of soil salinization under submerged conditions by artesian groundwater,SCOPUS_ID:84864333897,10.1016/j.jhydrol.2012.06.005,https://api.elsevier.com/content/abstract/scopus_id/84864333897,Hammecker C.,"Thailand Land Development Department, Bangkok",6.0,Water Science and Technology,Journal of Hydrology,2012-08-16,18.0,Thailand (3),Northeast Thailand (2),Ghassemi (2),Bernardeau (2),NE Thailand (1),Bangkok (1),Kaen (1)
"Investigating the response of Cladocera to a major saltwater intrusion event in an Arctic lake from the outer Mackenzie Delta (NT, Canada)",SCOPUS_ID:84863550229,10.1007/s10933-012-9577-6,https://api.elsevier.com/content/abstract/scopus_id/84863550229,Deasley K.,Northwest Territories Geological Survey,6.0,Aquatic Science & Earth-Surface Processes,Journal of Paleolimnology,2012-08-01,23.0,Bosmina (14),Alona (13),Canada (11),Camptocercus (9),Mackenzie Delta (8),the Mackenzie Delta (8),Arctic (7)
Evaluating the fate of freshwater lenses on atoll islands after eustatic sea-level rise and cyclone-driven inundation: A modelling approach,SCOPUS_ID:84859928718,10.1016/j.gloplacha.2012.03.008,https://api.elsevier.com/content/abstract/scopus_id/84859928718,Terry J.,National University of Singapore,2.0,Global and Planetary Change & Oceanography,Global and Planetary Change,2012-05-01,55.0,Paciﬁc Ocean (2),Nunn (2),Kiribati (2),Weir (2),Virani (2),Singapore (1),Paciﬁc (1)
Roles of saltcedar (Tamarix spp.) and capillary rise in salinizing a non-flooding terrace on a flow-regulated desert river,SCOPUS_ID:84155171345,10.1016/j.jaridenv.2011.11.025,https://api.elsevier.com/content/abstract/scopus_id/84155171345,Glenn E.P.,The University of Arizona,6.0,"Ecology, Evolution, Behavior and Systematics & Ecology & Earth-Surface Processes",Journal of Arid Environments,2012-04-01,76.0,Tucson (3),the Lower Colorado River (3),Nagler (3),Parker (3),Hoover Dam (2),the Colorado River (2),Arizona (2)
Enzyme expression in indica and japonica rice cultivars under saline stress,SCOPUS_ID:84866534133,10.4025/ actascibiolsci.v34i4.8535,https://api.elsevier.com/content/abstract/scopus_id/84866534133,Lima M.d.G.d.S.,Universidade Federal de Pelotas,6.0,"Biochemistry, Genetics and Molecular Biology (all) & Agricultural and Biological Sciences (all)",Acta Scientiarum - Biological Sciences,2012-01-01,6.0,japonica (21),Formosa (9),Atalanta (8),Brazil (7),Oryza (7),Lima (4),mM (2)
"Climate and water budget change of a Mediterranean coastal watershed, Ravenna, Italy",SCOPUS_ID:84855255500,10.1007/s12665-011-1088-7,https://api.elsevier.com/content/abstract/scopus_id/84855255500,Mollema P.,Alma Mater Studiorum Università di Bologna,6.0,Global and Planetary Change & Environmental Chemistry & Water Science and Technology & Soil Science & Pollution & Geology & Earth-Surface Processes,Environmental Earth Sciences,2012-01-01,39.0,the Quinto Basin (9),Italy (7),Cerba (7),kPa (6),Mediterranean (4),the Adriatic Sea (3),The Quinto Basin (2)
The coastal syndromes and hotspots on the coast,SCOPUS_ID:84655166518,10.1016/j.ecss.2011.07.012,https://api.elsevier.com/content/abstract/scopus_id/84655166518,Newton A.,Centro de Investigacao Marinha e Ambiental,3.0,Oceanography & Aquatic Science,"Estuarine, Coastal and Shelf Science",2012-01-01,114.0,Arctic (10),Venice (5),Portugal (2),the Gulf of Mexico (2),Thailand (2),Honduras (2),the Black Sea (2)
"Assessing impacts of sea level rise on river salinity in the Gorai river network, Bangladesh",SCOPUS_ID:84655161412,10.1016/j.ecss.2011.11.005,https://api.elsevier.com/content/abstract/scopus_id/84655161412,Bhuiyan M.,CSIRO Land and Water,2.0,Oceanography & Aquatic Science,"Estuarine, Coastal and Shelf Science",2012-01-01,109.0,Bangladesh (7),Gorai river (4),South West (4),the Bay of Bengal (4),node (3),Kamarkhali (3),Gorai (2)
"Present and future challenges of urban systems affected by seawater and its intrusion: The case of Venice, Italy",SCOPUS_ID:81355141705,10.1007/s10040-011-0784-4,https://api.elsevier.com/content/abstract/scopus_id/81355141705,Di Sipio E.,Università IUAV di Venezia,2.0,Water Science and Technology & Earth and Planetary Sciences (miscellaneous),Hydrogeology Journal,2011-11-01,7.0,Venice (18),Italy (6),Zezza (3),the Adriatic Sea (2),Adriatic Sea (2),Kouzana (1),Rapaglia (1)
Hurricane impacts on coastal wetlands: A half-century record of storm-generated features from Southern Louisiana,SCOPUS_ID:80755159238,10.2112/JCOASTRES-D-10-00185.1,https://api.elsevier.com/content/abstract/scopus_id/80755159238,Morton R.A.,United States Geological Survey,2.0,Ecology & Water Science and Technology & Earth-Surface Processes,Journal of Coastal Research,2011-11-01,103.0,Louisiana (16),eastern delta (3),Coastal Wetlands: A (2),West Palm Beach (2),Florida (2),Wetlands (2),Black (2)
"Arid zone groundwater recharge and salinisation processes; an example from the Lake Eyre Basin, Australia",SCOPUS_ID:80052953060,10.1016/j.jhydrol.2011.08.008,https://api.elsevier.com/content/abstract/scopus_id/80052953060,Tweed S.,Université de Montpellier,5.0,Water Science and Technology,Journal of Hydrology,2011-10-13,84.0,Lake Eyre (38),Australia (14),Cenozoic (10),d2H (8),the Lake Eyre Basin (5),the Diamantina River (4),Melbourne (3)
Planning for the impacts of sea level rise,SCOPUS_ID:79959308003,10.5670/oceanog.2011.34,https://api.elsevier.com/content/abstract/scopus_id/79959308003,Nicholls R.J.,University of Southampton,1.0,Oceanography,Oceanography,2011-06-01,224.0,Bangkok (6),Tokyo (3),Shanghai (3),Sydney (3),London (2),Netherlands (2),Greenland (2)
Impacts of a recent storm surge on an Arctic delta ecosystem examined in the context of the last millennium,SCOPUS_ID:79959368020,10.1073/pnas.1018527108,https://api.elsevier.com/content/abstract/scopus_id/79959368020,Pisaric M.F.J.,Government of Canada,7.0,Multidisciplinary,Proceedings of the National Academy of Sciences of the United States of America,2011-05-31,49.0,Arctic (20),Canada (14),Mackenzie Delta (11),M.F.J.P. (7),the Mackenzie Delta (7),J.R.T. (5),Delta (4)
"The effects of groundwater table and flood irrigation strategies on soil water and salt dynamics and reed water use in the Yellow River Delta, China",SCOPUS_ID:78649970223,10.1016/j.ecolmodel.2010.01.012,https://api.elsevier.com/content/abstract/scopus_id/78649970223,Xie T.,Beijing Normal University,3.0,Ecological Modeling,Ecological Modelling,2011-01-24,92.0,China (6),the Yellow River (5),the Yellow River Delta (4),Eq (2),Eqs (2),Beijing (1),Kumar (1)
"Land use dynamics and landscape change pattern in Hetao irrigation district, Inner Mongolia, China",SCOPUS_ID:78650507823,10.1117/12.873236,https://api.elsevier.com/content/abstract/scopus_id/78650507823,Zhang Y.,Center for Earth Observation and Digital Earth,3.0,"Electronic, Optical and Magnetic Materials & Condensed Matter Physics & Computer Science Applications & Applied Mathematics & Electrical and Electronic Engineering",Proceedings of SPIE - The International Society for Optical Engineering,2010-12-28,1.0,China (13),SPIE Vol (8),farmland (8),Hetao (5),Inner Mongolia (5),the Yellow River (5),Northern China (3)
Glyphosate effects on floristic composition and species diversity in the Flooding Pampa grassland (Argentina),SCOPUS_ID:77955086141,10.1016/j.agee.2010.05.003,https://api.elsevier.com/content/abstract/scopus_id/77955086141,Rodriguez A.,Universidad de Buenos Aires,2.0,Ecology & Animal Science and Zoology & Agronomy and Crop Science,"Agriculture, Ecosystems and Environment",2010-08-01,37.0,Argentina (4),Rodríguez (2),San Martín 4453 (1),Buenos Aires (1),Freemark (1),Boutin (1),McLaughlin (1)
Space monitoring of Aral Sea degradation,SCOPUS_ID:77952867265,10.1134/S0097807810030036,https://api.elsevier.com/content/abstract/scopus_id/77952867265,Kravtsova V.,Lomonosov Moscow State University,2.0,Water Science and Technology,Water Resources,2010-05-01,16.0,the Aral Sea (17),Aral Sea (10),the Great Sea (9),Great Sea (8),Small Sea (3),the Small Sea (3),Vozrozhdeniya (3)
"Water and salt balance of a saline water disposal basin during an experimental flooding and drying cycle (Loveday Disposal Basin, Australia)",SCOPUS_ID:70549106264,10.1002/hyp.7444,https://api.elsevier.com/content/abstract/scopus_id/70549106264,Lamontagne S.,CSIRO Land and Water,5.0,Water Science and Technology,Hydrological Processes,2009-11-01,8.0,the North Basin (20),the South Basin (19),the River Murray (12),River Murray (11),South Basin (10),North (10),South (9)
"Anthropogenic acceleration of sediment accretion in lowland floodplain wetlands, Murray-Darling Basin, Australia",SCOPUS_ID:67349273616,10.1016/j.geomorph.2007.12.020,https://api.elsevier.com/content/abstract/scopus_id/67349273616,Gell P.,The University of Adelaide,10.0,Earth-Surface Processes,Geomorphology,2009-07-01,62.0,Australia (26),Murray River (7),Ogden (5),Stuttgart (4),Murrumbidgee (3),Coorong (3),pp (3)
"Sharing water, preventing war—hydrodiplomacy in South Asia",SCOPUS_ID:85055405473,10.1080/09592290903293852,https://api.elsevier.com/content/abstract/scopus_id/85055405473,Kraska J.,U.S. Naval War College,1.0,Environmental Chemistry & Pollution & Plant Science,International Journal of Phytoremediation,2009-01-01,10.0,India (12),Pakistan (11),South Asia (9),Indus (5),Asia (3),Earth (2),Bangladesh (2)
Molecular improvement of tropical maize for drought stress tolerance in Sub-Saharan Africa,SCOPUS_ID:65349139419,10.1080/07352680802665305,https://api.elsevier.com/content/abstract/scopus_id/65349139419,Anami S.,Universiteit Gent,4.0,Plant Science,Critical Reviews in Plant Sciences,2009-01-01,28.0,Africa (15),Kenya (4),AFRICA (3),Nairobi (2),Gent (2),Belgium (2),England (1)
Evaluating the recharge mechanism of the Lower Kuiseb Dune area using mixing cell modeling and residence time data,SCOPUS_ID:48649108443,10.1016/j.jhydrol.2008.06.012,https://api.elsevier.com/content/abstract/scopus_id/48649108443,Klaus J.,Ben-Gurion University of the Negev,3.0,Water Science and Technology,Journal of Hydrology,2008-09-05,23.0,Kuiseb (12),Namibia (6),the Namib Desert (4),Lower Kuiseb (4),Campana (4),Germany (2),Israel (2)
"Does salinity reduce the tolerance of two contrasting wetland plants, the submerged monocot Vallisneria australis and the woody shrub Melaleuca ericifolia, to wetting and drying?",SCOPUS_ID:43749116818,10.1071/MF07147,https://api.elsevier.com/content/abstract/scopus_id/43749116818,Salter J.,Monash University,3.0,"Oceanography & Ecology, Evolution, Behavior and Systematics & Aquatic Science & Ecology",Marine and Freshwater Research,2008-05-22,19.0,Australia (10),Vallisneria (7),Brock et al (3),Victoria (3),Clayton (1),Smith (1),south-east (1)
Soil salinization of the Baer Mounds in the Volga River Delta,SCOPUS_ID:41849091158,10.1134/s1064229308020038,https://api.elsevier.com/content/abstract/scopus_id/41849091158,Karpachevskii L.O.,Astrakhan State University,3.0,Soil Science & Earth-Surface Processes,Eurasian Soil Science,2008-01-01,5.0,Moscow (5),Astrakhan (4),Barfon (4),the Baer Mounds (3),Russia (3),Mounds (3),pp. (2)
"Plant water status, ethylene evolution, N<inf>2</inf>-fixing efficiency, antioxidant activity and lipid peroxidation in Cicer arietinum L. nodules as affected by short-term salinization and desalinization",SCOPUS_ID:34547798042,10.1016/j.jplph.2006.05.017,https://api.elsevier.com/content/abstract/scopus_id/34547798042,Nandwal A.S.,CCS Haryana Agricultural University,7.0,Physiology & Agronomy and Crop Science & Plant Science,Journal of Plant Physiology,2007-09-05,40.0,Na+/K+ (6),India (3),Leghemoglobin (2),Kukreja (2),Cicer (1),Gogorcena (1),Wescor (1)
The hydrochemical evolution of brackish groundwater in central and northern Sinai (Egypt) and in the western Negev (Israel),SCOPUS_ID:34047257047,10.1016/j.jhydrol.2007.01.042,https://api.elsevier.com/content/abstract/scopus_id/34047257047,Rosenthal E.,Hydrological Service of Israel,3.0,Water Science and Technology,Journal of Hydrology,2007-04-30,45.0,Sinai (27),Israel (15),Negev (12),Sadek (8),Kashai (8),Egypt (7),the Dead Sea (7)
Land degradation management in Southern Africa,SCOPUS_ID:84858741943,10.1007/978-3-540-72438-4_27,https://api.elsevier.com/content/abstract/scopus_id/84858741943,Msangi J.,University of Namibia,1.0,Environmental Engineering & Information Systems,Environmental Science and Engineering (Subseries: Environmental Science),2007-01-01,2.0,Namibia (12),South Africa (9),Southern Africa (8),Swaziland (5),Botswana (4),Zimbabwe (3),"Southern Africa  

 (3)"
"Surface crusts on soils/sediments of the southern Aral Sea basin, Uzbekistan",SCOPUS_ID:33750941623,10.1016/j.geoderma.2006.03.019,https://api.elsevier.com/content/abstract/scopus_id/33750941623,Mees F.,Universiteit Gent,2.0,Soil Science,Geoderma,2006-12-01,33.0,Aral Sea (13),Central Asia (2),the Aral Sea (2),Israel (1),The Aral Sea (1),Micklin (1),Stulina (1)
"Modelling vegetation health from the interaction of saline groundwater and flooding on the Chowilla floodplain, South Australia",SCOPUS_ID:33645655023,10.1071/BT05020,https://api.elsevier.com/content/abstract/scopus_id/33645655023,Overton I.,Wollongbar Agricultural Institute,5.0,"Ecology, Evolution, Behavior and Systematics & Plant Science",Australian Journal of Botany,2006-04-17,44.0,Overton (9),South Australia (7),Modelling (5),Australia (3),the River Murray (3),Urrbrae (2),New South Wales (2)
River channel changes in the Rhone Delta (France) since the end of the Little Ice Age: Geomorphological adjustment to hydroclimatic change and natural resource management,SCOPUS_ID:0037455853,10.1016/S0341-8162(02)00093-0,https://api.elsevier.com/content/abstract/scopus_id/0037455853,Arnaud-Fassetta G.,Pôle de Recherche Pour l'Organisation et la Diffusion de l'Information Géographique,1.0,Earth-Surface Processes,Catena,2003-02-20,127.0,the Rhone River (13),the Rhone Delta (4),France (3),United Kingdom (3),Mediterranean (3),the Little Ice Age (2),The Rhone River (2)
Processes driving soil solution chemistry in a flooded rice-cropped vertisol: Analysis of long-time monitoring data,SCOPUS_ID:0036837011,10.1016/S0016-7061(02)00226-4,https://api.elsevier.com/content/abstract/scopus_id/0036837011,Boivin P.,(AfricaRice),7.0,Soil Science,Geoderma,2002-11-01,61.0,Senegal (5),West Africa (3),Lausanne (1),Switzerland (1),Ivory Coast (1),Puentes (1),Tuong (1)
Assessment of the long-term hydrologic impacts of Lake Nasser and related irrigation projects in southwestern Egypt,SCOPUS_ID:0037052905,10.1016/S0022-1694(02)00013-6,https://api.elsevier.com/content/abstract/scopus_id/0037052905,Kim J.,Argonne National Laboratory,2.0,Water Science and Technology,Journal of Hydrology,2002-05-10,41.0,cid:6)(cid:19)9(cid:10)(cid:3 (3),cid:4)78(cid:14)(cid:13 (2),cid:6)(cid:7 (2),cid:6)(cid:26)(cid:7 (2),cid:6)(cid:26)(cid:7)(cid:12)(cid:15)(cid:16)(cid:4)(cid:3)(cid:5)(cid:2)(cid:16)(cid:7)(cid:5)(cid:19)(cid:10 (1),cid:21)(cid:4)1 (1),cid:6)(cid:9)(cid:3 (1)
Economics of deep-rooted perennials in Western Australia,SCOPUS_ID:0037016893,10.1016/S0378-3774(01)00160-3,https://api.elsevier.com/content/abstract/scopus_id/0037016893,Bathgate A.,The University of Western Australia,2.0,Agronomy and Crop Science & Water Science and Technology & Soil Science & Earth-Surface Processes,Agricultural Water Management,2002-02-04,70.0,Australia (15),Albany (3),Pannell (2),South Australia (2),Laslett (2),Mediterranean (2),Bentley (1)
A flood history weighted index of average root-zone salinity for assessing flood impacts on health of vegetation on a saline floodplain,SCOPUS_ID:0033602192,10.1016/S0378-3774(98)00075-4,https://api.elsevier.com/content/abstract/scopus_id/0033602192,Slavich P.,Commonwealth Scientific and Industrial Research Organization,3.0,Agronomy and Crop Science & Water Science and Technology & Soil Science & Earth-Surface Processes,Agricultural Water Management,1999-02-25,9.0,Thorburn (6),Australia (3),Broadbridge (3),Zf (3),P.J. (2),Walker (2),Jolly (2)
Dynamics of Eucalyptus largiflorens growth and water use in response to modified watertable and flooding regimes on a saline floodplain,SCOPUS_ID:0033602115,10.1016/S0378-3774(98)00081-X,https://api.elsevier.com/content/abstract/scopus_id/0033602115,Slavich P.,Commonwealth Scientific and Industrial Research Organization,5.0,Agronomy and Crop Science & Water Science and Technology & Soil Science & Earth-Surface Processes,Agricultural Water Management,1999-02-25,43.0,Australia (4),Thorburn (2),Broadbridge (2),I.D. Jollya (1),Agriculture (1),Bruxner Highway (1),Wollongbar (1)
"Vegetation, soil hydrophysical properties, and grazing relationships in saline-sodic soils of Central Argentina",SCOPUS_ID:0032709205,10.4141/S98-055,https://api.elsevier.com/content/abstract/scopus_id/0032709205,Cisneros J.,Universidad Nacional de Rio Cuarto,3.0,Soil Science,Canadian Journal of Soil Science,1999-01-01,16.0,Central Argentina (5),NS (3),Argentina (2),Cynodon (2),WTEC (2),WT (2),Veterinaria (1)
Environmental relationships of vegetation patterns in saltmarshes of central Argentina,SCOPUS_ID:0032448521,10.1007/BF02913341,https://api.elsevier.com/content/abstract/scopus_id/0032448521,Cantero J.,Tartu Ülikool,4.0,Plant Science & Paleontology,Folia Geobotanica,1998-01-01,33.0,Argentina (6),Chloris (5),Paspalum (2),Central Argentina (2),Cynodon (2),Verbena (2),Hypochoeris (2)
The impact of flooding on modelling salt transport processes to streams,SCOPUS_ID:0031710797,10.1016/S1364-8152(98)00003-6,https://api.elsevier.com/content/abstract/scopus_id/0031710797,Jolly I.,CSIRO Land and Water,4.0,Software & Environmental Engineering & Ecological Modeling,Environmental Modelling and Software,1998-01-01,26.0,the River Murray (10),Australia (5),Monoman Island (3),River Murray (2),MDBC (2),Canberra (1),Groundwater (1)
Water and solute movement under conventional corn in Central Spain. II. Salt leaching,SCOPUS_ID:0030301722,10.2136/sssaj1996.03615995006000050035x,https://api.elsevier.com/content/abstract/scopus_id/0030301722,Bustos A.,Universidad Politécnica de Madrid,7.0,Soil Science,Soil Science Society of America Journal,1996-01-01,14.0,Spain (7),Madrid (5),Barcelona (2),Central (1),M.C. (1),Escuela (1),Les  Ulis (1)
Soil nutrients and salinity after long-term grazing exclusion in a Flooding Pampa grassland,SCOPUS_ID:0029669074,10.2307/4002692,https://api.elsevier.com/content/abstract/scopus_id/0029669074,Chaneton E.,,2.0,Ecology & Animal Science and Zoology,Journal of Range Management,1996-01-01,71.0,Argentina (15),N (15),E.C. (9),Taboada (8),R.S. (5),Facelli (4),Alconada (4)
Ecological responses to reductions in freshwater supply and quality in South Africa's estuaries: Lessons for management and conservation,SCOPUS_ID:0000511864,10.1007/bf02905197,https://api.elsevier.com/content/abstract/scopus_id/0000511864,Schlacher T.A.,Universität Wien,2.0,Oceanography & Ecology & Nature and Landscape Conservation,Journal of Coastal Conservation,1996-01-01,61.0,South Africa (9),South (3),Africa (3),Talbot (3),i.a. (2),Cape (2),Zostera (2)
An unusual Group 2 LEA gene family in citrus responsive to low temperature,SCOPUS_ID:0029379632,10.1007/BF00019115,https://api.elsevier.com/content/abstract/scopus_id/0029379632,Cai Q.,University of Florida Institute of Food and Agricultural Sciences,3.0,Agronomy and Crop Science & Genetics & Plant Science,Plant Molecular Biology,1995-10-01,64.0,pBCORc115 (6),Poly(A (2),Belgium (1),Departments (1),Gainesville (1),Ottawa (1),Ontario (1)
Improvement in rangeland condition of the flooding pampa of Argentina through controlled grazing,SCOPUS_ID:33749164197,10.1080/10220119.1995.9647873,https://api.elsevier.com/content/abstract/scopus_id/33749164197,Deregibus V.,Universidad de Buenos Aires,3.0,Ecology & Animal Science and Zoology,African Journal of Range and Forage Science,1995-01-01,20.0,Argentina (8),Deregibus (6),VA (4),Sala (3),Sanchez (3),Danthonia (2),Midland (2)
Salt accumulation in semi-arid floodplain soils with implications for forest health,SCOPUS_ID:0027790024,10.1016/0022-1694(93)90127-U,https://api.elsevier.com/content/abstract/scopus_id/0027790024,Jolly I.,CSIRO Land and Water,3.0,Water Science and Technology,Journal of Hydrology,1993-10-01,105.0,River (6),Australia (5),I.D. (5),Eldridge (1),Talsma (1),South (1),New  South  Wales (1)
Global coastal hazards from future sea level rise,SCOPUS_ID:0025953441,10.1016/0031-0182(91)90173-O,https://api.elsevier.com/content/abstract/scopus_id/0025953441,Gornitz V.,Columbia University,1.0,"Oceanography & Ecology, Evolution, Behavior and Systematics & Earth-Surface Processes & Paleontology","Palaeogeography, Palaeoclimatology, Palaeoecology",1991-01-01,269.0,n    (4),Greenland (4),Louisiana (4),Mississippi (3),Nile (3),Australia (3),Beach (2)
Global coastal hazards from future sea level rise,SCOPUS_ID:0010547148,10.1016/0921-8181(91)90118-G,https://api.elsevier.com/content/abstract/scopus_id/0010547148,Gornitz V.,Columbia University,1.0,Global and Planetary Change & Oceanography,Global and Planetary Change,1991-01-01,76.0,n    (4),Greenland (4),Louisiana (4),Mississippi (3),Nile (3),Australia (3),Beach (2)
"Water, salt and sodium dynamics in a Natraquoll in Argentina",SCOPUS_ID:0024248720,10.1016/0341-8162(88)90008-2,https://api.elsevier.com/content/abstract/scopus_id/0024248720,Lavado R.,Universidad de Buenos Aires,2.0,Earth-Surface Processes,Catena,1988-01-01,64.0,Argentina (3),B21 (3),Taboada (2),West (2),Atlantic (2),W. Germany (1),Province (1)
Local government perceptions of water related issues in rural Australia,SCOPUS_ID:0022905556,10.1111/j.1467-8470.1986.tb00512.x,https://api.elsevier.com/content/abstract/scopus_id/0022905556,DAVIS J.,Commonwealth Scientific and Industrial Research Organization,2.0,"Geography, Planning and Development",Australian Geographical Studies,1986-01-01,5.0,Australia (18),Basin (5),Groups (2),J.R. (1),C.A. (1),Canberra (1),IV (1)
Effects of gypsum‐slotting on infiltration rates and moisture storage in a swelling clay soil,SCOPUS_ID:0022849311,10.1111/j.1475-2743.1986.tb00693.x,https://api.elsevier.com/content/abstract/scopus_id/0022849311,Jayawardane N.,CSIRO Land and Water,2.0,Agronomy and Crop Science & Soil Science & Pollution,Soil Use and Management,1986-01-01,21.0,kPa (4),Australia (4),Smith (2),pp. (2),Mclntyre (2),D.S. (2),Ontario (1)
"Interactions between Limonium vulgare and Plantago maritima in the Plantagini-Limonietum on the Boschplaat, Terschelling, The Netherlands",SCOPUS_ID:0022243137,10.1007/BF00039808,https://api.elsevier.com/content/abstract/scopus_id/0022243137,Beeftink A.,,1.0,Plant Science,Vegetatio,1985-06-01,3.0,Limonium (4),Bergh (3),Netherlands (2),+  H.  portulacoides (2),"The Netherlands 

Keywords (1)",Maarel (1),Vegetatio (1)
The effectiveness of capital investments in the protection of the natural environment.,SCOPUS_ID:0017628037,10.2753/pet1061-1991200469,https://api.elsevier.com/content/abstract/scopus_id/0017628037,Loiter M.,,1.0,Medicine (all),Problems of Economics,1977-01-01,0.0,Economics (1),CAPITAL (1),the Soviet Union (1),pp. (1),United  States (1),republics (1),
Soil processes and productivity in relation to climatic cycles in Kazakhstan,SCOPUS_ID:49549126461,10.1016/0016-7061(76)90069-0,https://api.elsevier.com/content/abstract/scopus_id/49549126461,Borovsky V.M.,National Academy of Science of Kazakhstan,1.0,Soil Science,Geoderma,1976-01-01,0.0,Kazakhstan (7),Kazalinsk (6),Amsterdam (1),The Netherlands (1),N (1),V.M. (1),North Kazakhstan (1)
